Workbook

Sheet Inventory
B2: SKU | C2: Listed | D2: Sold | E2: Category | F2: Brand | G2: Model # | H2: Item | I2: Spec | J2: Cost* | K2: Ref.* | L2: Actual Cost | M2: Rev* | N2: P/L | O2: ROI | P2: *This page subject to change
B3: I-1 | C3: 44078 | D3: 44080 | E3: Appliance | F3: Keurig | H3: Coffee Machine | I3: Red | J3: =if(SUMIF(Ledger!F:F, B3, Ledger!C:C)=0, SUMIF(Ledger!M:M,B3,Ledger!J:J),SUMIF(Ledger!F:F, B3, Ledger!C:C)) -> 5.4 | K3: =SUMIF(Fees!B:B, B3, Fees!E:E) -> 0 | L3: =J3+K3 -> 5.4 | M3: =SUMIF(Ledger!F:F, B3, Ledger!B:B) -> 15 | N3: =IF(M3>0, (M3-L3), 0) -> 9.6 | O3: =if(N3=0, 0, N3/L3) -> 1.7777778 | P3: *requires data protection like others
B4: I-2 | E4: Electronics | F4: Denon | G4: AVR-591 | H4: Stereo Reciever | J4: =if(SUMIF(Ledger!F:F, B4, Ledger!C:C)=0, SUMIF(Ledger!M:M,B4,Ledger!J:J),SUMIF(Ledger!F:F, B4, Ledger!C:C)) -> 32.47 | K4: =SUMIF(Fees!B:B, B4, Fees!E:E) -> 0 | L4: =J4+K4 -> 32.47 | M4: =SUMIF(Ledger!F:F, B4, Ledger!B:B) -> 0 | N4: =IF(M4>0, (M4-L4), 0) -> 0 | O4: =if(N4=0, 0, N4/L4) -> 0 | P4: *Reference in Cost needs to require "I-1" not 1
B5: I-3 | C5: 44078 | D5: 44080 | E5: Appliance | F5: Keurig | H5: Coffee Machine | I5: Black | J5: =if(SUMIF(Ledger!F:F, B5, Ledger!C:C)=0, SUMIF(Ledger!M:M,B5,Ledger!J:J),SUMIF(Ledger!F:F, B5, Ledger!C:C)) -> 8.65 | K5: =SUMIF(Fees!B:B, B5, Fees!E:E) -> 0 | L5: =J5+K5 -> 8.65 | M5: =SUMIF(Ledger!F:F, B5, Ledger!B:B) -> 15 | N5: =IF(M5>0, (M5-L5), 0) -> 6.35 | O5: =if(N5=0, 0, N5/L5) -> 0.73410405 | P5: **If posted late at night, mark 'Listed" as next day
B6: I-4 | C6: 44078 | D6: 44079 | E6: Appliance | F6: Keurig | G6: K2.0-500 | H6: Coffee Machine | J6: =if(SUMIF(Ledger!F:F, B6, Ledger!C:C)=0, SUMIF(Ledger!M:M,B6,Ledger!J:J),SUMIF(Ledger!F:F, B6, Ledger!C:C)) -> 8.65 | K6: =SUMIF(Fees!B:B, B6, Fees!E:E) -> 2.15 | L6: =J6+K6 -> 10.8 | M6: =SUMIF(Ledger!F:F, B6, Ledger!B:B) -> 40 | N6: =IF(M6>0, (M6-L6), 0) -> 29.2 | O6: =if(N6=0, 0, N6/L6) -> 2.7037037
B7: I-5 | C7: 44079 | D7: 44080 | E7: Appliance | F7: Black+Decker | G7: CTO6335S | H7: Toaster Oven | J7: =if(SUMIF(Ledger!F:F, B7, Ledger!C:C)=0, SUMIF(Ledger!M:M,B7,Ledger!J:J),SUMIF(Ledger!F:F, B7, Ledger!C:C)) -> 8.65 | K7: =SUMIF(Fees!B:B, B7, Fees!E:E) -> 0 | L7: =J7+K7 -> 8.65 | M7: =SUMIF(Ledger!F:F, B7, Ledger!B:B) -> 30 | N7: =IF(M7>0, (M7-L7), 0) -> 21.35 | O7: =if(N7=0, 0, N7/L7) -> 2.4682081
B8: I-6 | C8: 44092 | D8: 44094 | E8: Electronics | F8: Canon | G8: LPB7110CW | H8: Printer | I8: Laser | J8: =if(SUMIF(Ledger!F:F, B8, Ledger!C:C)=0, SUMIF(Ledger!M:M,B8,Ledger!J:J),SUMIF(Ledger!F:F, B8, Ledger!C:C)) -> 21.64 | K8: =SUMIF(Fees!B:B, B8, Fees!E:E) -> 37.67 | L8: =J8+K8 -> 59.31 | M8: =SUMIF(Ledger!F:F, B8, Ledger!B:B) -> 80 | N8: =IF(M8>0, (M8-L8), 0) -> 20.69 | O8: =if(N8=0, 0, N8/L8) -> 0.34884505 | Q8: =SUM(N:N)*0.2 -> 60.132
B9: I-7 | C9: 44088 | D9: 44088 | E9: Appliance | F9: Keurig | G9: K10 | H9: Coffee Machine | I9: Black | J9: =if(SUMIF(Ledger!F:F, B9, Ledger!C:C)=0, SUMIF(Ledger!M:M,B9,Ledger!J:J),SUMIF(Ledger!F:F, B9, Ledger!C:C)) -> 6.48 | K9: =SUMIF(Fees!B:B, B9, Fees!E:E) -> 0 | L9: =J9+K9 -> 6.48 | M9: =SUMIF(Ledger!F:F, B9, Ledger!B:B) -> 0 | N9: =IF(M9>0, (M9-L9), 0) -> 0 | O9: =if(N9=0, 0, N9/L9) -> 0
B10: I-8 | C10: 44086 | D10: 44087 | E10: Appliance | F10: Avanti | H10: Mini Fridge | I10: 1.6 cu ft | J10: =if(SUMIF(Ledger!F:F, B10, Ledger!C:C)=0, SUMIF(Ledger!M:M,B10,Ledger!J:J),SUMIF(Ledger!F:F, B10, Ledger!C:C)) -> 16.23 | K10: =SUMIF(Fees!B:B, B10, Fees!E:E) -> 0 | L10: =J10+K10 -> 16.23 | M10: =SUMIF(Ledger!F:F, B10, Ledger!B:B) -> 30 | N10: =IF(M10>0, (M10-L10), 0) -> 13.77 | O10: =if(N10=0, 0, N10/L10) -> 0.84842884
B11: I-9 | C11: 44088 | D11: 44090 | E11: Appliance | F11: Keurig | G11: K10 | H11: Coffee Machine | I11: Teal | J11: =if(SUMIF(Ledger!F:F, B11, Ledger!C:C)=0, SUMIF(Ledger!M:M,B11,Ledger!J:J),SUMIF(Ledger!F:F, B11, Ledger!C:C)) -> 5.4 | K11: =SUMIF(Fees!B:B, B11, Fees!E:E) -> 0 | L11: =J11+K11 -> 5.4 | M11: =SUMIF(Ledger!F:F, B11, Ledger!B:B) -> 20 | N11: =IF(M11>0, (M11-L11), 0) -> 14.6 | O11: =if(N11=0, 0, N11/L11) -> 2.7037037
A12: X | B12: I-10 | E12: Appliance | F12: Keurig | I12: Blue | J12: =if(SUMIF(Ledger!F:F, B12, Ledger!C:C)=0, SUMIF(Ledger!M:M,B12,Ledger!J:J),SUMIF(Ledger!F:F, B12, Ledger!C:C)) -> 6.48 | K12: =SUMIF(Fees!B:B, B12, Fees!E:E) -> 0 | L12: =J12+K12 -> 6.48 | M12: =SUMIF(Ledger!F:F, B12, Ledger!B:B) -> 0 | N12: =IF(M12>0, (M12-L12), 0) -> 0 | O12: =if(N12=0, 0, N12/L12) -> 0
B13: I-11 | C13: 44086 | D13: 44087 | E13: Appliance | F13: Keurig | G13: K2.0-200 | H13: Coffee Machine | J13: =if(SUMIF(Ledger!F:F, B13, Ledger!C:C)=0, SUMIF(Ledger!M:M,B13,Ledger!J:J),SUMIF(Ledger!F:F, B13, Ledger!C:C)) -> 6.48 | K13: =SUMIF(Fees!B:B, B13, Fees!E:E) -> 0 | L13: =J13+K13 -> 6.48 | M13: =SUMIF(Ledger!F:F, B13, Ledger!B:B) -> 50 | N13: =IF(M13>0, (M13-L13), 0) -> 43.52 | O13: =if(N13=0, 0, N13/L13) -> 6.7160494
B14: I-12 | C14: 44086 | D14: 44087 | E14: Electronics | F14: Brother | G14: DCP-J152W | H14: Printer | I14: Inkjet | J14: =if(SUMIF(Ledger!F:F, B14, Ledger!C:C)=0, SUMIF(Ledger!M:M,B14,Ledger!J:J),SUMIF(Ledger!F:F, B14, Ledger!C:C)) -> 10.81 | K14: =SUMIF(Fees!B:B, B14, Fees!E:E) -> 0 | L14: =J14+K14 -> 10.81 | M14: =SUMIF(Ledger!F:F, B14, Ledger!B:B) -> 40 | N14: =IF(M14>0, (M14-L14), 0) -> 29.19 | O14: =if(N14=0, 0, N14/L14) -> 2.7002775
B15: I-13 | E15: Electronics | F15: Samsung | H15: Television | I15: LCD | J15: =if(SUMIF(Ledger!F:F, B15, Ledger!C:C)=0, SUMIF(Ledger!M:M,B15,Ledger!J:J),SUMIF(Ledger!F:F, B15, Ledger!C:C)) -> 21.64 | K15: =SUMIF(Fees!B:B, B15, Fees!E:E) -> 0 | L15: =J15+K15 -> 21.64 | M15: =SUMIF(Ledger!F:F, B15, Ledger!B:B) -> 0 | N15: =IF(M15>0, (M15-L15), 0) -> 0 | O15: =if(N15=0, 0, N15/L15) -> 0
B16: I-14 | C16: 44086 | D16: 44087 | E16: Electronics | F16: Vizio | G16: E321VL | H16: Television | I16: LCD | J16: =if(SUMIF(Ledger!F:F, B16, Ledger!C:C)=0, SUMIF(Ledger!M:M,B16,Ledger!J:J),SUMIF(Ledger!F:F, B16, Ledger!C:C)) -> 24.64 | K16: =SUMIF(Fees!B:B, B16, Fees!E:E) -> 0 | L16: =J16+K16 -> 24.64 | M16: =SUMIF(Ledger!F:F, B16, Ledger!B:B) -> 40 | N16: =IF(M16>0, (M16-L16), 0) -> 15.36 | O16: =if(N16=0, 0, N16/L16) -> 0.62337662
B17: I-15 | C17: 44086 | D17: 44088 | E17: Appliance | F17: Nuwave | G17: 30201 | H17: Inducion Cooktop | J17: =if(SUMIF(Ledger!F:F, B17, Ledger!C:C)=0, SUMIF(Ledger!M:M,B17,Ledger!J:J),SUMIF(Ledger!F:F, B17, Ledger!C:C)) -> 16.24 | K17: =SUMIF(Fees!B:B, B17, Fees!E:E) -> 0 | L17: =J17+K17 -> 16.24 | M17: =SUMIF(Ledger!F:F, B17, Ledger!B:B) -> 30 | N17: =IF(M17>0, (M17-L17), 0) -> 13.76 | O17: =if(N17=0, 0, N17/L17) -> 0.84729064
B18: I-16 | C18: 44092 | D18: 44095 | E18: Electronics | F18: Lexmark | G18: S305 | H18: Printer | I18: Inkjet | J18: =if(SUMIF(Ledger!F:F, B18, Ledger!C:C)=0, SUMIF(Ledger!M:M,B18,Ledger!J:J),SUMIF(Ledger!F:F, B18, Ledger!C:C)) -> 21.64 | K18: =SUMIF(Fees!B:B, B18, Fees!E:E) -> 8.61 | L18: =J18+K18 -> 30.25 | M18: =SUMIF(Ledger!F:F, B18, Ledger!B:B) -> 40 | N18: =IF(M18>0, (M18-L18), 0) -> 9.75 | O18: =if(N18=0, 0, N18/L18) -> 0.32231405
B19: I-17 | C19: 44094 | D19: 44096 | F19: Keurig | G19: K2.0-400 | H19: Coffee Machine | J19: =if(SUMIF(Ledger!F:F, B19, Ledger!C:C)=0, SUMIF(Ledger!M:M,B19,Ledger!J:J),SUMIF(Ledger!F:F, B19, Ledger!C:C)) -> 6.48 | K19: =SUMIF(Fees!B:B, B19, Fees!E:E) -> 0 | L19: =J19+K19 -> 6.48 | M19: =SUMIF(Ledger!F:F, B19, Ledger!B:B) -> 40 | N19: =IF(M19>0, (M19-L19), 0) -> 33.52 | O19: =if(N19=0, 0, N19/L19) -> 5.1728395
B20: I-18 | C20: 44094 | F20: Black+Decker | G20: TO1356SG | H20: Toaster Oven | I20: No Legs | J20: =if(SUMIF(Ledger!F:F, B20, Ledger!C:C)=0, SUMIF(Ledger!M:M,B20,Ledger!J:J),SUMIF(Ledger!F:F, B20, Ledger!C:C)) -> 0 | K20: =SUMIF(Fees!B:B, B20, Fees!E:E) -> 0 | L20: =J20+K20 -> 0 | M20: =SUMIF(Ledger!F:F, B20, Ledger!B:B) -> 0 | N20: =IF(M20>0, (M20-L20), 0) -> 0 | O20: =if(N20=0, 0, N20/L20) -> 0
B21: I-19 | C21: 44094 | D21: 44098 | F21: Keurig | G21: B31 | H21: Coffee Machine | I21: Red | J21: =if(SUMIF(Ledger!F:F, B21, Ledger!C:C)=0, SUMIF(Ledger!M:M,B21,Ledger!J:J),SUMIF(Ledger!F:F, B21, Ledger!C:C)) -> 0 | K21: =SUMIF(Fees!B:B, B21, Fees!E:E) -> 0 | L21: =J21+K21 -> 0 | M21: =SUMIF(Ledger!F:F, B21, Ledger!B:B) -> 20 | N21: =IF(M21>0, (M21-L21), 0) -> 20 | O21: =if(N21=0, 0, N21/L21) -> #DIV/0!
B22: I-20 | C22: 44094 | D22: 44094 | F22: Keurig | G22: K10 | H22: Coffee Machine | I22: Silver | J22: =if(SUMIF(Ledger!F:F, B22, Ledger!C:C)=0, SUMIF(Ledger!M:M,B22,Ledger!J:J),SUMIF(Ledger!F:F, B22, Ledger!C:C)) -> 0 | K22: =SUMIF(Fees!B:B, B22, Fees!E:E) -> 0 | L22: =J22+K22 -> 0 | M22: =SUMIF(Ledger!F:F, B22, Ledger!B:B) -> 20 | N22: =IF(M22>0, (M22-L22), 0) -> 20 | O22: =if(N22=0, 0, N22/L22) -> #DIV/0!
B23: I-21 | C23: 44094 | F23: Keurig | G23: K10 | H23: Coffee Machine | I23: Black | J23: =if(SUMIF(Ledger!F:F, B23, Ledger!C:C)=0, SUMIF(Ledger!M:M,B23,Ledger!J:J),SUMIF(Ledger!F:F, B23, Ledger!C:C)) -> 0 | K23: =SUMIF(Fees!B:B, B23, Fees!E:E) -> 0 | L23: =J23+K23 -> 0 | M23: =SUMIF(Ledger!F:F, B23, Ledger!B:B) -> 0 | N23: =IF(M23>0, (M23-L23), 0) -> 0 | O23: =if(N23=0, 0, N23/L23) -> 0
B24: I-22 | F24: Keurig | J24: =if(SUMIF(Ledger!F:F, B24, Ledger!C:C)=0, SUMIF(Ledger!M:M,B24,Ledger!J:J),SUMIF(Ledger!F:F, B24, Ledger!C:C)) -> 0 | K24: =SUMIF(Fees!B:B, B24, Fees!E:E) -> 0 | L24: =J24+K24 -> 0 | M24: =SUMIF(Ledger!F:F, B24, Ledger!B:B) -> 0 | N24: =IF(M24>0, (M24-L24), 0) -> 0 | O24: =if(N24=0, 0, N24/L24) -> 0
B25: I-23 | F25: Keurig | J25: =if(SUMIF(Ledger!F:F, B25, Ledger!C:C)=0, SUMIF(Ledger!M:M,B25,Ledger!J:J),SUMIF(Ledger!F:F, B25, Ledger!C:C)) -> 0 | K25: =SUMIF(Fees!B:B, B25, Fees!E:E) -> 0 | L25: =J25+K25 -> 0 | M25: =SUMIF(Ledger!F:F, B25, Ledger!B:B) -> 0 | N25: =IF(M25>0, (M25-L25), 0) -> 0 | O25: =if(N25=0, 0, N25/L25) -> 0
B26: I-24 | F26: Keurig | J26: =if(SUMIF(Ledger!F:F, B26, Ledger!C:C)=0, SUMIF(Ledger!M:M,B26,Ledger!J:J),SUMIF(Ledger!F:F, B26, Ledger!C:C)) -> 0 | K26: =SUMIF(Fees!B:B, B26, Fees!E:E) -> 0 | L26: =J26+K26 -> 0 | M26: =SUMIF(Ledger!F:F, B26, Ledger!B:B) -> 0 | N26: =IF(M26>0, (M26-L26), 0) -> 0 | O26: =if(N26=0, 0, N26/L26) -> 0
B27: I-25 | J27: =if(SUMIF(Ledger!F:F, B27, Ledger!C:C)=0, SUMIF(Ledger!M:M,B27,Ledger!J:J),SUMIF(Ledger!F:F, B27, Ledger!C:C)) -> 0 | K27: =SUMIF(Fees!B:B, B27, Fees!E:E) -> 0 | L27: =J27+K27 -> 0 | M27: =SUMIF(Ledger!F:F, B27, Ledger!B:B) -> 0 | N27: =IF(M27>0, (M27-L27), 0) -> 0 | O27: =if(N27=0, 0, N27/L27) -> 0
B28: I-26 | J28: =if(SUMIF(Ledger!F:F, B28, Ledger!C:C)=0, SUMIF(Ledger!M:M,B28,Ledger!J:J),SUMIF(Ledger!F:F, B28, Ledger!C:C)) -> 0 | K28: =SUMIF(Fees!B:B, B28, Fees!E:E) -> 0 | L28: =J28+K28 -> 0 | M28: =SUMIF(Ledger!F:F, B28, Ledger!B:B) -> 0 | N28: =IF(M28>0, (M28-L28), 0) -> 0 | O28: =if(N28=0, 0, N28/L28) -> 0
B29: I-27 | J29: =if(SUMIF(Ledger!F:F, B29, Ledger!C:C)=0, SUMIF(Ledger!M:M,B29,Ledger!J:J),SUMIF(Ledger!F:F, B29, Ledger!C:C)) -> 0 | K29: =SUMIF(Fees!B:B, B29, Fees!E:E) -> 0 | L29: =J29+K29 -> 0 | M29: =SUMIF(Ledger!F:F, B29, Ledger!B:B) -> 0 | N29: =IF(M29>0, (M29-L29), 0) -> 0 | O29: =if(N29=0, 0, N29/L29) -> 0
B30: I-28 | J30: =if(SUMIF(Ledger!F:F, B30, Ledger!C:C)=0, SUMIF(Ledger!M:M,B30,Ledger!J:J),SUMIF(Ledger!F:F, B30, Ledger!C:C)) -> 0 | K30: =SUMIF(Fees!B:B, B30, Fees!E:E) -> 0 | L30: =J30+K30 -> 0 | M30: =SUMIF(Ledger!F:F, B30, Ledger!B:B) -> 0 | N30: =IF(M30>0, (M30-L30), 0) -> 0 | O30: =if(N30=0, 0, N30/L30) -> 0
B31: I-29 | J31: =if(SUMIF(Ledger!F:F, B31, Ledger!C:C)=0, SUMIF(Ledger!M:M,B31,Ledger!J:J),SUMIF(Ledger!F:F, B31, Ledger!C:C)) -> 0 | K31: =SUMIF(Fees!B:B, B31, Fees!E:E) -> 0 | L31: =J31+K31 -> 0 | M31: =SUMIF(Ledger!F:F, B31, Ledger!B:B) -> 0 | N31: =IF(M31>0, (M31-L31), 0) -> 0 | O31: =if(N31=0, 0, N31/L31) -> 0
B32: I-30 | J32: =if(SUMIF(Ledger!F:F, B32, Ledger!C:C)=0, SUMIF(Ledger!M:M,B32,Ledger!J:J),SUMIF(Ledger!F:F, B32, Ledger!C:C)) -> 0 | K32: =SUMIF(Fees!B:B, B32, Fees!E:E) -> 0 | L32: =J32+K32 -> 0 | M32: =SUMIF(Ledger!F:F, B32, Ledger!B:B) -> 0 | N32: =IF(M32>0, (M32-L32), 0) -> 0 | O32: =if(N32=0, 0, N32/L32) -> 0
B33: I-31 | J33: =if(SUMIF(Ledger!F:F, B33, Ledger!C:C)=0, SUMIF(Ledger!M:M,B33,Ledger!J:J),SUMIF(Ledger!F:F, B33, Ledger!C:C)) -> 0 | K33: =SUMIF(Fees!B:B, B33, Fees!E:E) -> 0 | L33: =J33+K33 -> 0 | M33: =SUMIF(Ledger!F:F, B33, Ledger!B:B) -> 0 | N33: =IF(M33>0, (M33-L33), 0) -> 0 | O33: =if(N33=0, 0, N33/L33) -> 0
B34: I-32 | J34: =if(SUMIF(Ledger!F:F, B34, Ledger!C:C)=0, SUMIF(Ledger!M:M,B34,Ledger!J:J),SUMIF(Ledger!F:F, B34, Ledger!C:C)) -> 0 | K34: =SUMIF(Fees!B:B, B34, Fees!E:E) -> 0 | L34: =J34+K34 -> 0 | M34: =SUMIF(Ledger!F:F, B34, Ledger!B:B) -> 0 | N34: =IF(M34>0, (M34-L34), 0) -> 0 | O34: =if(N34=0, 0, N34/L34) -> 0
B35: I-33 | J35: =if(SUMIF(Ledger!F:F, B35, Ledger!C:C)=0, SUMIF(Ledger!M:M,B35,Ledger!J:J),SUMIF(Ledger!F:F, B35, Ledger!C:C)) -> 0 | K35: =SUMIF(Fees!B:B, B35, Fees!E:E) -> 0 | L35: =J35+K35 -> 0 | M35: =SUMIF(Ledger!F:F, B35, Ledger!B:B) -> 0 | N35: =IF(M35>0, (M35-L35), 0) -> 0 | O35: =if(N35=0, 0, N35/L35) -> 0

Sheet Ledger
A1: Cash Account | H1: Credit Account
B2: Deposit | C2: Withdrawel | D2: Date | E2: Action | F2: SKU | I2: Deposit | J2: Withdrawel | K2: Date | L2: Action | M2: SKU | O2: G/L | P2: =P6-P9 -> 422.39
B3: 102.01 | D3: 44076 | E3: Deposits | J3: 6.48 | K3: 44085 | L3: Purchases | M3: I-7
C4: 5.4 | D4: 44076 | E4: Purchases | F4: I-1 | J4: 16.23 | K4: 44085 | L4: Purchases | M4: I-8 | O4: Checking | P4: =P7-P9+P6-P8 -> 295.62 | R4: Credit | S4: =SUM(I:I)-SUM(J:J) -> 0
C5: 32.47 | D5: 44076 | E5: Purchases | F5: I-2 | J5: 5.4 | K5: 44085 | L5: Purchases | M5: I-9
C6: 8.65 | D6: 44076 | E6: Purchases | F6: I-3 | J6: 6.48 | K6: 44085 | L6: Purchases | M6: I-10 | O6: Sales (Rev) | P6: =SUMIF(E:E,"Sales (Rev)",B:B) -> 510 | R6: Purchases | S6: =SUMIF(L:L,"Purchases", J:J) -> 142.52
C7: 8.65 | D7: 44076 | E7: Purchases | F7: I-4 | J7: 6.48 | K7: 44085 | L7: Purchases | M7: I-11 | O7: Deposits | P7: =SUMIF(E:E,"Deposits",B:B) -> 102.01 | R7: Refurb | S7: =SUMIF(L:L,"Refurb", J:J) -> 46.28
C8: 8.65 | D8: 44076 | E8: Purchases | F8: I-5 | J8: 10.81 | K8: 44085 | L8: Purchases | M8: I-12 | O8: Transfers | P8: =SUMIF(E:E,"Transfers",C:C) -> 228.78 | R8: Transfers | S8: =SUMIF(L:L,"Transfers",I:I) -> 188.8
C9: 2.15 | D9: 44076 | E9: Purchases | F9: R-1 | J9: 21.64 | K9: 44085 | L9: Purchases | M9: I-13 | O9: Purchases | P9: =SUMIF(E:E,"Purchases",C:C) -> 87.61 | R9: Supplies | S9: =SUMIF(L:L,"Supplies",J:J) -> 0
C10: 21.64 | D10: 44076 | E10: Purchases | F10: I-6 | J10: 24.64 | K10: 44085 | L10: Purchases | M10: I-14
B11: 40 | D11: 44079 | E11: Sales (Rev) | F11: I-4 | J11: 16.24 | K11: 44085 | L11: Purchases | M11: I-15
B12: 15 | D12: 44080 | E12: Sales (Rev) | F12: I-3 | J12: 37.67 | K12: 44086 | L12: Refurb | M12: R-6
B13: 30 | D13: 44080 | E13: Sales (Rev) | F13: I-5 | I13: 100 | K13: 44086 | L13: Transfers
B14: 15 | D14: 44080 | E14: Sales (Rev) | F14: I-1 | I14: 5 | K14: 44086 | L14: Transfers
C15: 100 | D15: 44086 | E15: Transfers | I15: 6.4 | K15: 44087 | L15: Transfers
C16: 5 | D16: 44086 | E16: Transfers | J16: 21.64 | K16: 44087 | L16: Purchases | M16: I-16
B17: 40 | D17: 44087 | E17: Sales (Rev) | F17: I-12 | J17: 6.48 | K17: 44087 | L17: Purchases | M17: I-17
B18: 30 | D18: 44087 | E18: Sales (Rev) | F18: I-8 | J18: 8.61 | K18: 44088 | L18: Refurb | M18: R-16
B19: 30 | D19: 44087 | E19: Sales (Rev) | F19: I-11 | I19: 3 | K19: 44088 | L19: Transfers
C20: 6.4 | D20: 44087 | E20: Transfers | I20: 74.4 | K20: 44090 | L20: Transfers
B21: 40 | D21: 44087 | E21: Sales (Rev) | F21: I-14 | J21: 39.98
B22: 30 | D22: 44088 | E22: Sales (Rev) | F22: I-15 | G22: acr | I22: 39.98
B23: 20 | D23: 44088 | E23: Sales (Rev) | F23: I-9 | G23: acr
C24: 3 | D24: 44088 | E24: Transfers
C25: 74.4 | D25: 44090 | E25: Transfers
B26: 20 | D26: 44091 | E26: Sales (Rev) | F26: I-11
B27: 80 | D27: 44093 | E27: Sales (Rev) | F27: I-6
B28: 20 | D28: 44094 | E28: Sales (Rev) | F28: I-20
B29: 40 | D29: 44095 | E29: Sales (Rev) | F29: I-16
B30: 40 | D30: 44096 | E30: Sales (Rev) | F30: I-17
B31: 20 | D31: 44098 | E31: Sales (Rev) | F31: I-19
C32: 39.98 | E32: Transfers

Sheet Supplies

Sheet Fees
B2: SKU | C2: Item(s) | D2: Date | E2: Cost | F2: Medium
B3: I-4 | C3: Keurig Carafe | D3: 44076 | E3: 2.15 | F3: Goodwill Store
B4: I-6 | C4: Toner 4-pack | D4: 44086 | E4: 37.67 | F4: Ebay.com
B5: I-16 | C5: Ink 4-pack | D5: 44088 | E5: 8.61 | F5: Ebay.com
